winner_id,loser_id,winner_score,loser_score,winner_reasoning,loser_reasoning
CAND_0000614,CAND_0001535,93,51,"Evaluated offline: 7.9 years exp, 83% response rate.","Evaluated offline: 2.8 years exp, 7% response rate."
CAND_0000859,CAND_0001743,92,51,"Evaluated offline: 5.9 years exp, 77% response rate.","Evaluated offline: 11.5 years exp, 7% response rate."
CAND_0000063,CAND_0000220,91,51,"Evaluated offline: 5.4 years exp, 77% response rate.","Evaluated offline: 10.9 years exp, 8% response rate."
CAND_0000031,CAND_0000651,91,51,"Evaluated offline: 6.0 years exp, 91% response rate.","Evaluated offline: 1.5 years exp, 6% response rate."
CAND_0000024,CAND_0000908,90,51,"Evaluated offline: 7.5 years exp, 78% response rate.","Evaluated offline: 2.9 years exp, 7% response rate."
CAND_0000611,CAND_0001439,90,51,"Evaluated offline: 7.1 years exp, 78% response rate.","Evaluated offline: 1.5 years exp, 8% response rate."
CAND_0001850,CAND_0000883,90,51,"Evaluated offline: 5.7 years exp, 80% response rate.","Evaluated offline: 14.9 years exp, 9% response rate."
CAND_0001475,CAND_0000212,90,51,"Evaluated offline: 5.8 years exp, 72% response rate.","Evaluated offline: 13.0 years exp, 6% response rate."
CAND_0001210,CAND_0000041,90,51,"Evaluated offline: 8.3 years exp, 84% response rate.","Evaluated offline: 13.7 years exp, 7% response rate."
CAND_0000745,CAND_0000478,89,51,"Evaluated offline: 7.4 years exp, 71% response rate.","Evaluated offline: 2.2 years exp, 8% response rate."
CAND_0000331,CAND_0000194,89,51,"Evaluated offline: 5.5 years exp, 69% response rate.","Evaluated offline: 1.8 years exp, 7% response rate."
CAND_0001096,CAND_0000369,89,51,"Evaluated offline: 6.3 years exp, 80% response rate.","Evaluated offline: 2.0 years exp, 8% response rate."
CAND_0001108,CAND_0000946,88,51,"Evaluated offline: 5.7 years exp, 82% response rate.","Evaluated offline: 12.6 years exp, 9% response rate."
CAND_0000599,CAND_0000504,88,51,"Evaluated offline: 7.8 years exp, 73% response rate.","Evaluated offline: 14.8 years exp, 9% response rate."
CAND_0001943,CAND_0000236,88,51,"Evaluated offline: 6.1 years exp, 69% response rate.","Evaluated offline: 10.3 years exp, 5% response rate."
CAND_0000664,CAND_0000239,88,51,"Evaluated offline: 7.4 years exp, 76% response rate.","Evaluated offline: 4.4 years exp, 5% response rate."
CAND_0000210,CAND_0000092,88,51,"Evaluated offline: 6.3 years exp, 60% response rate.","Evaluated offline: 4.8 years exp, 5% response rate."
CAND_0001588,CAND_0000266,88,51,"Evaluated offline: 5.9 years exp, 60% response rate.","Evaluated offline: 2.7 years exp, 8% response rate."
CAND_0000621,CAND_0000747,87,51,"Evaluated offline: 7.7 years exp, 76% response rate.","Evaluated offline: 10.8 years exp, 5% response rate."
CAND_0001545,CAND_0001971,87,51,"Evaluated offline: 6.9 years exp, 72% response rate.","Evaluated offline: 10.1 years exp, 6% response rate."
CAND_0000016,CAND_0001816,87,51,"Evaluated offline: 5.3 years exp, 64% response rate.","Evaluated offline: 9.4 years exp, 9% response rate."
CAND_0000259,CAND_0001364,87,51,"Evaluated offline: 6.7 years exp, 76% response rate.","Evaluated offline: 9.2 years exp, 8% response rate."
CAND_0001493,CAND_0001763,87,51,"Evaluated offline: 6.2 years exp, 80% response rate.","Evaluated offline: 11.9 years exp, 8% response rate."
CAND_0001925,CAND_0000224,87,51,"Evaluated offline: 6.3 years exp, 71% response rate.","Evaluated offline: 4.1 years exp, 9% response rate."
CAND_0000878,CAND_0000100,87,51,"Evaluated offline: 6.9 years exp, 56% response rate.","Evaluated offline: 13.5 years exp, 6% response rate."
CAND_0000604,CAND_0001219,87,51,"Evaluated offline: 5.4 years exp, 55% response rate.","Evaluated offline: 9.1 years exp, 6% response rate."
CAND_0000014,CAND_0001499,86,51,"Evaluated offline: 8.4 years exp, 80% response rate.","Evaluated offline: 14.4 years exp, 5% response rate."
CAND_0000082,CAND_0000176,86,51,"Evaluated offline: 7.4 years exp, 82% response rate.","Evaluated offline: 4.5 years exp, 5% response rate."
CAND_0000136,CAND_0001332,86,52,"Evaluated offline: 6.5 years exp, 81% response rate.","Evaluated offline: 11.2 years exp, 8% response rate."
CAND_0001967,CAND_0000783,86,52,"Evaluated offline: 7.5 years exp, 56% response rate.","Evaluated offline: 1.5 years exp, 11% response rate."
CAND_0001615,CAND_0001841,86,52,"Evaluated offline: 7.9 years exp, 81% response rate.","Evaluated offline: 9.8 years exp, 11% response rate."
CAND_0000821,CAND_0001335,86,52,"Evaluated offline: 6.9 years exp, 73% response rate.","Evaluated offline: 1.7 years exp, 13% response rate."
CAND_0001218,CAND_0000672,86,52,"Evaluated offline: 6.4 years exp, 82% response rate.","Evaluated offline: 2.1 years exp, 12% response rate."
CAND_0001025,CAND_0000518,86,52,"Evaluated offline: 7.9 years exp, 52% response rate.","Evaluated offline: 1.7 years exp, 14% response rate."
CAND_0000588,CAND_0001642,86,52,"Evaluated offline: 5.8 years exp, 65% response rate.","Evaluated offline: 14.6 years exp, 14% response rate."
CAND_0000130,CAND_0001199,86,52,"Evaluated offline: 8.6 years exp, 83% response rate.","Evaluated offline: 12.2 years exp, 7% response rate."
CAND_0001879,CAND_0001828,86,52,"Evaluated offline: 7.3 years exp, 71% response rate.","Evaluated offline: 2.4 years exp, 10% response rate."
CAND_0000584,CAND_0000028,86,52,"Evaluated offline: 7.3 years exp, 80% response rate.","Evaluated offline: 1.1 years exp, 14% response rate."
CAND_0000223,CAND_0001792,86,52,"Evaluated offline: 6.1 years exp, 83% response rate.","Evaluated offline: 2.5 years exp, 11% response rate."
CAND_0001533,CAND_0000202,86,52,"Evaluated offline: 8.1 years exp, 70% response rate.","Evaluated offline: 2.7 years exp, 13% response rate."
CAND_0000343,CAND_0000843,86,52,"Evaluated offline: 6.4 years exp, 59% response rate.","Evaluated offline: 2.7 years exp, 13% response rate."
CAND_0001600,CAND_0000741,85,52,"Evaluated offline: 6.2 years exp, 42% response rate.","Evaluated offline: 3.3 years exp, 14% response rate."
CAND_0001729,CAND_0000485,85,52,"Evaluated offline: 5.5 years exp, 73% response rate.","Evaluated offline: 4.5 years exp, 11% response rate."
CAND_0001413,CAND_0001073,85,52,"Evaluated offline: 8.2 years exp, 78% response rate.","Evaluated offline: 11.9 years exp, 10% response rate."
CAND_0000493,CAND_0001598,85,52,"Evaluated offline: 5.5 years exp, 77% response rate.","Evaluated offline: 10.5 years exp, 13% response rate."
CAND_0000138,CAND_0000748,85,52,"Evaluated offline: 8.3 years exp, 75% response rate.","Evaluated offline: 13.2 years exp, 13% response rate."
CAND_0001291,CAND_0001418,85,52,"Evaluated offline: 5.9 years exp, 50% response rate.","Evaluated offline: 11.0 years exp, 14% response rate."
CAND_0000116,CAND_0001077,85,52,"Evaluated offline: 7.3 years exp, 74% response rate.","Evaluated offline: 14.4 years exp, 13% response rate."
CAND_0000422,CAND_0000901,85,52,"Evaluated offline: 6.3 years exp, 79% response rate.","Evaluated offline: 2.4 years exp, 10% response rate."
CAND_0001590,CAND_0001338,85,52,"Evaluated offline: 8.8 years exp, 64% response rate.","Evaluated offline: 12.9 years exp, 13% response rate."
CAND_0000458,CAND_0000188,85,52,"Evaluated offline: 8.0 years exp, 79% response rate.","Evaluated offline: 12.1 years exp, 12% response rate."
CAND_0000606,CAND_0001541,85,52,"Evaluated offline: 7.8 years exp, 75% response rate.","Evaluated offline: 11.8 years exp, 8% response rate."
CAND_0000134,CAND_0001566,85,53,"Evaluated offline: 8.6 years exp, 79% response rate.","Evaluated offline: 1.7 years exp, 15% response rate."
CAND_0000894,CAND_0001470,85,53,"Evaluated offline: 8.7 years exp, 74% response rate.","Evaluated offline: 3.2 years exp, 6% response rate."
CAND_0001648,CAND_0001649,85,53,"Evaluated offline: 8.9 years exp, 59% response rate.","Evaluated offline: 4.7 years exp, 14% response rate."
CAND_0001289,CAND_0001999,85,53,"Evaluated offline: 7.1 years exp, 77% response rate.","Evaluated offline: 4.2 years exp, 15% response rate."
CAND_0000417,CAND_0000646,85,53,"Evaluated offline: 7.8 years exp, 76% response rate.","Evaluated offline: 4.2 years exp, 15% response rate."
CAND_0000612,CAND_0001484,85,53,"Evaluated offline: 8.2 years exp, 77% response rate.","Evaluated offline: 13.0 years exp, 16% response rate."
CAND_0001459,CAND_0001456,85,53,"Evaluated offline: 7.7 years exp, 76% response rate.","Evaluated offline: 2.9 years exp, 17% response rate."
CAND_0000962,CAND_0001490,85,53,"Evaluated offline: 5.9 years exp, 68% response rate.","Evaluated offline: 12.6 years exp, 8% response rate."
CAND_0001772,CAND_0001950,84,53,"Evaluated offline: 5.8 years exp, 71% response rate.","Evaluated offline: 13.8 years exp, 17% response rate."
CAND_0000377,CAND_0000059,84,53,"Evaluated offline: 6.1 years exp, 70% response rate.","Evaluated offline: 1.5 years exp, 16% response rate."
CAND_0000461,CAND_0001585,84,53,"Evaluated offline: 6.7 years exp, 71% response rate.","Evaluated offline: 3.4 years exp, 19% response rate."
CAND_0000051,CAND_0001280,84,53,"Evaluated offline: 6.2 years exp, 73% response rate.","Evaluated offline: 3.8 years exp, 15% response rate."
CAND_0000779,CAND_0001101,84,53,"Evaluated offline: 6.6 years exp, 51% response rate.","Evaluated offline: 12.1 years exp, 18% response rate."
CAND_0000780,CAND_0001474,84,53,"Evaluated offline: 5.2 years exp, 71% response rate.","Evaluated offline: 2.1 years exp, 18% response rate."
CAND_0000320,CAND_0001525,84,53,"Evaluated offline: 8.0 years exp, 68% response rate.","Evaluated offline: 2.4 years exp, 15% response rate."
CAND_0000302,CAND_0000537,84,53,"Evaluated offline: 7.4 years exp, 70% response rate.","Evaluated offline: 12.1 years exp, 15% response rate."
CAND_0000474,CAND_0001149,84,53,"Evaluated offline: 8.8 years exp, 62% response rate.","Evaluated offline: 3.1 years exp, 16% response rate."
CAND_0001741,CAND_0001110,84,53,"Evaluated offline: 8.7 years exp, 55% response rate.","Evaluated offline: 13.2 years exp, 18% response rate."
CAND_0000932,CAND_0001390,84,53,"Evaluated offline: 6.9 years exp, 72% response rate.","Evaluated offline: 10.8 years exp, 16% response rate."
CAND_0000218,CAND_0000434,84,53,"Evaluated offline: 6.2 years exp, 72% response rate.","Evaluated offline: 3.6 years exp, 19% response rate."
CAND_0001701,CAND_0001643,83,53,"Evaluated offline: 8.4 years exp, 69% response rate.","Evaluated offline: 13.7 years exp, 15% response rate."
CAND_0001038,CAND_0000113,83,53,"Evaluated offline: 8.6 years exp, 66% response rate.","Evaluated offline: 1.8 years exp, 15% response rate."
CAND_0000032,CAND_0001298,83,53,"Evaluated offline: 8.1 years exp, 69% response rate.","Evaluated offline: 4.1 years exp, 14% response rate."
CAND_0000560,CAND_0000355,83,53,"Evaluated offline: 6.5 years exp, 69% response rate.","Evaluated offline: 12.0 years exp, 18% response rate."
CAND_0001203,CAND_0001186,83,53,"Evaluated offline: 8.8 years exp, 67% response rate.","Evaluated offline: 4.9 years exp, 18% response rate."
CAND_0001267,CAND_0001613,83,53,"Evaluated offline: 6.1 years exp, 39% response rate.","Evaluated offline: 10.1 years exp, 18% response rate."
CAND_0001537,CAND_0000206,83,53,"Evaluated offline: 6.3 years exp, 67% response rate.","Evaluated offline: 9.2 years exp, 18% response rate."
CAND_0000993,CAND_0001584,83,53,"Evaluated offline: 6.1 years exp, 41% response rate.","Evaluated offline: 14.5 years exp, 14% response rate."
CAND_0001761,CAND_0001726,83,53,"Evaluated offline: 6.5 years exp, 67% response rate.","Evaluated offline: 14.7 years exp, 17% response rate."
CAND_0000083,CAND_0001806,83,53,"Evaluated offline: 6.7 years exp, 49% response rate.","Evaluated offline: 10.7 years exp, 15% response rate."
CAND_0001915,CAND_0001312,83,53,"Evaluated offline: 6.7 years exp, 68% response rate.","Evaluated offline: 2.9 years exp, 10% response rate."
CAND_0000197,CAND_0000315,83,53,"Evaluated offline: 7.2 years exp, 54% response rate.","Evaluated offline: 3.1 years exp, 15% response rate."
CAND_0000579,CAND_0001596,83,53,"Evaluated offline: 8.3 years exp, 61% response rate.","Evaluated offline: 4.9 years exp, 15% response rate."
CAND_0000325,CAND_0001986,83,53,"Evaluated offline: 6.7 years exp, 69% response rate.","Evaluated offline: 12.8 years exp, 14% response rate."
CAND_0001279,CAND_0001249,83,53,"Evaluated offline: 6.6 years exp, 69% response rate.","Evaluated offline: 2.8 years exp, 15% response rate."
CAND_0000938,CAND_0000407,83,54,"Evaluated offline: 6.6 years exp, 50% response rate.","Evaluated offline: 1.1 years exp, 16% response rate."
CAND_0001323,CAND_0000888,83,54,"Evaluated offline: 8.5 years exp, 69% response rate.","Evaluated offline: 9.2 years exp, 17% response rate."
CAND_0001568,CAND_0001579,83,54,"Evaluated offline: 8.6 years exp, 45% response rate.","Evaluated offline: 4.7 years exp, 21% response rate."
CAND_0000211,CAND_0001821,83,54,"Evaluated offline: 5.0 years exp, 61% response rate.","Evaluated offline: 2.1 years exp, 24% response rate."
CAND_0001440,CAND_0001809,83,54,"Evaluated offline: 7.5 years exp, 67% response rate.","Evaluated offline: 3.4 years exp, 12% response rate."
CAND_0001216,CAND_0000337,82,54,"Evaluated offline: 8.7 years exp, 62% response rate.","Evaluated offline: 10.6 years exp, 22% response rate."
CAND_0001901,CAND_0001936,82,54,"Evaluated offline: 5.5 years exp, 37% response rate.","Evaluated offline: 1.1 years exp, 20% response rate."
CAND_0001582,CAND_0000292,82,54,"Evaluated offline: 6.8 years exp, 62% response rate.","Evaluated offline: 2.0 years exp, 20% response rate."
CAND_0000521,CAND_0000730,82,54,"Evaluated offline: 5.0 years exp, 41% response rate.","Evaluated offline: 4.0 years exp, 23% response rate."
CAND_0001594,CAND_0000078,82,54,"Evaluated offline: 7.5 years exp, 41% response rate.","Evaluated offline: 10.3 years exp, 19% response rate."
CAND_0000348,CAND_0001747,82,54,"Evaluated offline: 7.1 years exp, 44% response rate.","Evaluated offline: 12.8 years exp, 21% response rate."
CAND_0000146,CAND_0000306,82,54,"Evaluated offline: 6.6 years exp, 61% response rate.","Evaluated offline: 12.6 years exp, 20% response rate."
CAND_0001991,CAND_0000569,82,54,"Evaluated offline: 5.5 years exp, 61% response rate.","Evaluated offline: 11.8 years exp, 23% response rate."
CAND_0000273,CAND_0000720,82,54,"Evaluated offline: 5.8 years exp, 47% response rate.","Evaluated offline: 12.6 years exp, 23% response rate."
CAND_0000587,CAND_0001908,82,54,"Evaluated offline: 7.5 years exp, 41% response rate.","Evaluated offline: 13.5 years exp, 22% response rate."
CAND_0000231,CAND_0001663,82,54,"Evaluated offline: 6.9 years exp, 49% response rate.","Evaluated offline: 3.5 years exp, 24% response rate."
CAND_0001776,CAND_0001017,82,54,"Evaluated offline: 5.1 years exp, 63% response rate.","Evaluated offline: 13.5 years exp, 23% response rate."
CAND_0001296,CAND_0000700,82,54,"Evaluated offline: 7.4 years exp, 49% response rate.","Evaluated offline: 10.5 years exp, 20% response rate."
CAND_0001343,CAND_0000144,82,54,"Evaluated offline: 8.0 years exp, 57% response rate.","Evaluated offline: 14.7 years exp, 20% response rate."
CAND_0001842,CAND_0001647,82,54,"Evaluated offline: 6.4 years exp, 64% response rate.","Evaluated offline: 1.7 years exp, 20% response rate."
CAND_0000007,CAND_0001586,82,54,"Evaluated offline: 5.5 years exp, 62% response rate.","Evaluated offline: 9.1 years exp, 24% response rate."
CAND_0000594,CAND_0001603,82,54,"Evaluated offline: 7.4 years exp, 61% response rate.","Evaluated offline: 10.3 years exp, 24% response rate."
CAND_0000918,CAND_0000839,82,54,"Evaluated offline: 7.0 years exp, 61% response rate.","Evaluated offline: 10.9 years exp, 23% response rate."
CAND_0000633,CAND_0001722,82,54,"Evaluated offline: 6.4 years exp, 64% response rate.","Evaluated offline: 4.1 years exp, 24% response rate."
CAND_0001483,CAND_0001755,81,54,"Evaluated offline: 7.8 years exp, 45% response rate.","Evaluated offline: 14.6 years exp, 22% response rate."
CAND_0000709,CAND_0001466,81,54,"Evaluated offline: 7.8 years exp, 59% response rate.","Evaluated offline: 3.2 years exp, 24% response rate."
CAND_0000967,CAND_0000715,81,54,"Evaluated offline: 5.1 years exp, 58% response rate.","Evaluated offline: 9.7 years exp, 23% response rate."
CAND_0001301,CAND_0001074,81,54,"Evaluated offline: 8.6 years exp, 58% response rate.","Evaluated offline: 10.4 years exp, 23% response rate."
CAND_0001494,CAND_0000914,81,54,"Evaluated offline: 6.4 years exp, 30% response rate.","Evaluated offline: 10.4 years exp, 20% response rate."
CAND_0001994,CAND_0000171,81,54,"Evaluated offline: 7.5 years exp, 33% response rate.","Evaluated offline: 2.9 years exp, 21% response rate."
CAND_0001328,CAND_0000105,81,54,"Evaluated offline: 5.4 years exp, 34% response rate.","Evaluated offline: 12.0 years exp, 24% response rate."
CAND_0000874,CAND_0000546,81,54,"Evaluated offline: 6.3 years exp, 59% response rate.","Evaluated offline: 1.1 years exp, 23% response rate."
CAND_0001047,CAND_0001105,81,54,"Evaluated offline: 8.7 years exp, 59% response rate.","Evaluated offline: 4.7 years exp, 22% response rate."
CAND_0001759,CAND_0000652,81,54,"Evaluated offline: 6.6 years exp, 38% response rate.","Evaluated offline: 2.1 years exp, 20% response rate."
CAND_0001479,CAND_0001599,81,54,"Evaluated offline: 5.4 years exp, 56% response rate.","Evaluated offline: 11.1 years exp, 24% response rate."
CAND_0001790,CAND_0000487,81,54,"Evaluated offline: 5.4 years exp, 58% response rate.","Evaluated offline: 2.7 years exp, 22% response rate."
CAND_0000912,CAND_0000464,81,54,"Evaluated offline: 8.2 years exp, 58% response rate.","Evaluated offline: 11.7 years exp, 15% response rate."
CAND_0001638,CAND_0000237,81,54,"Evaluated offline: 7.9 years exp, 56% response rate.","Evaluated offline: 14.9 years exp, 20% response rate."
CAND_0001961,CAND_0000196,81,54,"Evaluated offline: 6.8 years exp, 33% response rate.","Evaluated offline: 4.2 years exp, 20% response rate."
CAND_0000120,CAND_0001051,81,54,"Evaluated offline: 5.7 years exp, 58% response rate.","Evaluated offline: 2.4 years exp, 19% response rate."
CAND_0001655,CAND_0000669,81,54,"Evaluated offline: 7.9 years exp, 48% response rate.","Evaluated offline: 13.4 years exp, 22% response rate."
CAND_0000280,CAND_0001394,81,54,"Evaluated offline: 8.2 years exp, 58% response rate.","Evaluated offline: 3.1 years exp, 24% response rate."
CAND_0001288,CAND_0001676,81,54,"Evaluated offline: 7.9 years exp, 37% response rate.","Evaluated offline: 14.9 years exp, 23% response rate."
CAND_0000454,CAND_0001432,80,54,"Evaluated offline: 5.8 years exp, 53% response rate.","Evaluated offline: 11.5 years exp, 24% response rate."
CAND_0001193,CAND_0000798,80,54,"Evaluated offline: 5.0 years exp, 19% response rate.","Evaluated offline: 1.1 years exp, 21% response rate."
CAND_0001583,CAND_0001303,80,54,"Evaluated offline: 7.3 years exp, 50% response rate.","Evaluated offline: 10.9 years exp, 20% response rate."
CAND_0000046,CAND_0000169,80,54,"Evaluated offline: 7.8 years exp, 41% response rate.","Evaluated offline: 14.9 years exp, 20% response rate."
CAND_0000576,CAND_0000508,80,54,"Evaluated offline: 6.2 years exp, 51% response rate.","Evaluated offline: 4.6 years exp, 20% response rate."
CAND_0000805,CAND_0000972,80,54,"Evaluated offline: 5.0 years exp, 53% response rate.","Evaluated offline: 13.5 years exp, 20% response rate."
CAND_0001093,CAND_0000842,80,54,"Evaluated offline: 5.9 years exp, 50% response rate.","Evaluated offline: 3.2 years exp, 22% response rate."
CAND_0001322,CAND_0000597,80,55,"Evaluated offline: 6.7 years exp, 52% response rate.","Evaluated offline: 14.1 years exp, 29% response rate."
CAND_0001939,CAND_0000940,80,55,"Evaluated offline: 7.2 years exp, 32% response rate.","Evaluated offline: 14.9 years exp, 5% response rate."
CAND_0001572,CAND_0001259,80,55,"Evaluated offline: 9.0 years exp, 54% response rate.","Evaluated offline: 12.8 years exp, 25% response rate."
CAND_0000132,CAND_0000825,80,55,"Evaluated offline: 7.7 years exp, 48% response rate.","Evaluated offline: 9.5 years exp, 27% response rate."
CAND_0000742,CAND_0001109,80,55,"Evaluated offline: 7.7 years exp, 51% response rate.","Evaluated offline: 10.3 years exp, 13% response rate."
CAND_0000755,CAND_0000002,80,55,"Evaluated offline: 5.2 years exp, 51% response rate.","Evaluated offline: 12.5 years exp, 29% response rate."
CAND_0000185,CAND_0000054,80,55,"Evaluated offline: 6.1 years exp, 27% response rate.","Evaluated offline: 4.9 years exp, 25% response rate."
CAND_0001492,CAND_0001277,80,55,"Evaluated offline: 7.4 years exp, 53% response rate.","Evaluated offline: 2.8 years exp, 28% response rate."
CAND_0000666,CAND_0001215,80,55,"Evaluated offline: 6.5 years exp, 29% response rate.","Evaluated offline: 2.0 years exp, 22% response rate."
CAND_0000930,CAND_0000168,80,55,"Evaluated offline: 9.0 years exp, 37% response rate.","Evaluated offline: 10.7 years exp, 13% response rate."
CAND_0000796,CAND_0001868,80,55,"Evaluated offline: 8.6 years exp, 54% response rate.","Evaluated offline: 14.3 years exp, 27% response rate."
CAND_0001567,CAND_0000744,80,55,"Evaluated offline: 6.6 years exp, 38% response rate.","Evaluated offline: 10.1 years exp, 9% response rate."
CAND_0001453,CAND_0001359,80,55,"Evaluated offline: 5.7 years exp, 50% response rate.","Evaluated offline: 9.7 years exp, 25% response rate."
CAND_0001063,CAND_0000559,80,55,"Evaluated offline: 5.3 years exp, 51% response rate.","Evaluated offline: 4.7 years exp, 18% response rate."
CAND_0001486,CAND_0001055,80,55,"Evaluated offline: 6.4 years exp, 33% response rate.","Evaluated offline: 4.8 years exp, 28% response rate."
CAND_0000055,CAND_0001711,80,55,"Evaluated offline: 7.3 years exp, 45% response rate.","Evaluated offline: 14.7 years exp, 29% response rate."
CAND_0000115,CAND_0001762,80,55,"Evaluated offline: 7.8 years exp, 53% response rate.","Evaluated offline: 2.7 years exp, 29% response rate."
CAND_0000716,CAND_0001705,80,55,"Evaluated offline: 5.3 years exp, 52% response rate.","Evaluated offline: 4.0 years exp, 26% response rate."
CAND_0001054,CAND_0001636,80,55,"Evaluated offline: 5.6 years exp, 45% response rate.","Evaluated offline: 9.2 years exp, 28% response rate."
CAND_0001531,CAND_0001363,80,55,"Evaluated offline: 6.3 years exp, 36% response rate.","Evaluated offline: 13.7 years exp, 26% response rate."
CAND_0000985,CAND_0001143,80,55,"Evaluated offline: 5.6 years exp, 53% response rate.","Evaluated offline: 9.2 years exp, 28% response rate."
CAND_0001669,CAND_0000655,80,55,"Evaluated offline: 6.3 years exp, 51% response rate.","Evaluated offline: 3.8 years exp, 23% response rate."
CAND_0001914,CAND_0001463,79,55,"Evaluated offline: 7.7 years exp, 32% response rate.","Evaluated offline: 9.7 years exp, 15% response rate."
CAND_0000101,CAND_0000717,79,55,"Evaluated offline: 7.0 years exp, 46% response rate.","Evaluated offline: 2.4 years exp, 26% response rate."
CAND_0001379,CAND_0001003,79,55,"Evaluated offline: 5.5 years exp, 48% response rate.","Evaluated offline: 9.7 years exp, 7% response rate."
CAND_0000143,CAND_0000544,79,55,"Evaluated offline: 7.7 years exp, 45% response rate.","Evaluated offline: 10.7 years exp, 25% response rate."
CAND_0001315,CAND_0000408,79,55,"Evaluated offline: 8.6 years exp, 49% response rate.","Evaluated offline: 3.2 years exp, 15% response rate."
CAND_0001911,CAND_0000240,79,55,"Evaluated offline: 8.9 years exp, 41% response rate.","Evaluated offline: 13.3 years exp, 25% response rate."
CAND_0001013,CAND_0001703,79,55,"Evaluated offline: 6.6 years exp, 49% response rate.","Evaluated offline: 4.2 years exp, 17% response rate."
CAND_0000911,CAND_0000800,79,55,"Evaluated offline: 7.7 years exp, 45% response rate.","Evaluated offline: 13.1 years exp, 28% response rate."
CAND_0001860,CAND_0001429,79,55,"Evaluated offline: 7.0 years exp, 49% response rate.","Evaluated offline: 4.3 years exp, 26% response rate."
CAND_0000225,CAND_0001387,79,55,"Evaluated offline: 5.0 years exp, 45% response rate.","Evaluated offline: 3.3 years exp, 14% response rate."
CAND_0001878,CAND_0000670,79,55,"Evaluated offline: 6.4 years exp, 49% response rate.","Evaluated offline: 10.4 years exp, 27% response rate."
CAND_0000097,CAND_0000496,79,55,"Evaluated offline: 5.8 years exp, 46% response rate.","Evaluated offline: 9.8 years exp, 28% response rate."
CAND_0001979,CAND_0000065,79,55,"Evaluated offline: 6.3 years exp, 47% response rate.","Evaluated offline: 9.7 years exp, 27% response rate."
CAND_0000135,CAND_0000022,79,55,"Evaluated offline: 8.2 years exp, 49% response rate.","Evaluated offline: 1.1 years exp, 27% response rate."
CAND_0001707,CAND_0001180,79,56,"Evaluated offline: 5.6 years exp, 48% response rate.","Evaluated offline: 12.6 years exp, 33% response rate."
CAND_0000516,CAND_0000898,79,56,"Evaluated offline: 8.0 years exp, 48% response rate.","Evaluated offline: 2.8 years exp, 26% response rate."
CAND_0001825,CAND_0000820,79,56,"Evaluated offline: 6.9 years exp, 45% response rate.","Evaluated offline: 2.5 years exp, 29% response rate."
CAND_0000243,CAND_0000103,79,56,"Evaluated offline: 5.7 years exp, 47% response rate.","Evaluated offline: 11.7 years exp, 31% response rate."
CAND_0001602,CAND_0000977,79,56,"Evaluated offline: 6.6 years exp, 34% response rate.","Evaluated offline: 1.7 years exp, 33% response rate."
CAND_0000191,CAND_0001634,79,56,"Evaluated offline: 5.0 years exp, 48% response rate.","Evaluated offline: 10.4 years exp, 32% response rate."
CAND_0000626,CAND_0000617,79,56,"Evaluated offline: 8.0 years exp, 49% response rate.","Evaluated offline: 1.4 years exp, 32% response rate."
CAND_0001563,CAND_0001029,78,56,"Evaluated offline: 7.7 years exp, 44% response rate.","Evaluated offline: 1.1 years exp, 34% response rate."
CAND_0000294,CAND_0000495,78,56,"Evaluated offline: 8.6 years exp, 41% response rate.","Evaluated offline: 1.8 years exp, 10% response rate."
CAND_0001184,CAND_0000732,78,56,"Evaluated offline: 8.7 years exp, 42% response rate.","Evaluated offline: 9.6 years exp, 18% response rate."
CAND_0001502,CAND_0001139,78,56,"Evaluated offline: 7.4 years exp, 42% response rate.","Evaluated offline: 13.9 years exp, 32% response rate."
CAND_0001849,CAND_0001631,78,56,"Evaluated offline: 5.8 years exp, 44% response rate.","Evaluated offline: 10.1 years exp, 30% response rate."
CAND_0000735,CAND_0001265,78,56,"Evaluated offline: 7.4 years exp, 40% response rate.","Evaluated offline: 4.9 years exp, 31% response rate."
CAND_0000943,CAND_0000678,78,56,"Evaluated offline: 5.3 years exp, 43% response rate.","Evaluated offline: 9.6 years exp, 30% response rate."
CAND_0001089,CAND_0000685,78,56,"Evaluated offline: 6.8 years exp, 15% response rate.","Evaluated offline: 10.2 years exp, 32% response rate."
CAND_0000077,CAND_0000221,78,56,"Evaluated offline: 8.7 years exp, 40% response rate.","Evaluated offline: 2.7 years exp, 9% response rate."
CAND_0001793,CAND_0001353,78,56,"Evaluated offline: 8.4 years exp, 41% response rate.","Evaluated offline: 3.4 years exp, 11% response rate."
CAND_0000127,CAND_0001773,78,56,"Evaluated offline: 6.7 years exp, 40% response rate.","Evaluated offline: 1.1 years exp, 33% response rate."
CAND_0000743,CAND_0000927,78,56,"Evaluated offline: 6.9 years exp, 17% response rate.","Evaluated offline: 11.4 years exp, 34% response rate."
CAND_0001127,CAND_0000812,78,56,"Evaluated offline: 6.0 years exp, 44% response rate.","Evaluated offline: 11.0 years exp, 34% response rate."
CAND_0001811,CAND_0001784,78,56,"Evaluated offline: 8.5 years exp, 44% response rate.","Evaluated offline: 9.9 years exp, 32% response rate."
CAND_0001504,CAND_0001512,78,56,"Evaluated offline: 7.7 years exp, 44% response rate.","Evaluated offline: 11.6 years exp, 33% response rate."
CAND_0001019,CAND_0000326,78,56,"Evaluated offline: 8.4 years exp, 25% response rate.","Evaluated offline: 2.8 years exp, 34% response rate."
CAND_0000150,CAND_0001509,78,56,"Evaluated offline: 5.4 years exp, 43% response rate.","Evaluated offline: 4.1 years exp, 32% response rate."
CAND_0000860,CAND_0000782,78,56,"Evaluated offline: 7.8 years exp, 41% response rate.","Evaluated offline: 4.6 years exp, 30% response rate."
CAND_0001098,CAND_0001511,77,56,"Evaluated offline: 6.9 years exp, 38% response rate.","Evaluated offline: 14.4 years exp, 27% response rate."
CAND_0000548,CAND_0001522,77,56,"Evaluated offline: 6.9 years exp, 35% response rate.","Evaluated offline: 4.6 years exp, 29% response rate."
CAND_0000394,CAND_0000687,77,56,"Evaluated offline: 6.9 years exp, 37% response rate.","Evaluated offline: 10.7 years exp, 32% response rate."
CAND_0001080,CAND_0001417,77,56,"Evaluated offline: 5.4 years exp, 38% response rate.","Evaluated offline: 12.8 years exp, 32% response rate."
CAND_0001258,CAND_0000869,77,56,"Evaluated offline: 5.9 years exp, 24% response rate.","Evaluated offline: 4.2 years exp, 34% response rate."
CAND_0001864,CAND_0001604,77,56,"Evaluated offline: 5.1 years exp, 35% response rate.","Evaluated offline: 13.9 years exp, 30% response rate."
CAND_0001026,CAND_0001754,77,56,"Evaluated offline: 8.9 years exp, 35% response rate.","Evaluated offline: 1.3 years exp, 22% response rate."
CAND_0000001,CAND_0001202,77,56,"Evaluated offline: 6.9 years exp, 34% response rate.","Evaluated offline: 1.7 years exp, 31% response rate."
CAND_0001926,CAND_0001102,77,56,"Evaluated offline: 5.4 years exp, 35% response rate.","Evaluated offline: 14.0 years exp, 32% response rate."
CAND_0000876,CAND_0001471,77,56,"Evaluated offline: 7.2 years exp, 38% response rate.","Evaluated offline: 1.7 years exp, 30% response rate."
CAND_0000207,CAND_0001975,77,56,"Evaluated offline: 5.4 years exp, 36% response rate.","Evaluated offline: 10.9 years exp, 33% response rate."
CAND_0001037,CAND_0000420,77,56,"Evaluated offline: 8.8 years exp, 39% response rate.","Evaluated offline: 14.5 years exp, 31% response rate."
CAND_0001082,CAND_0001438,77,56,"Evaluated offline: 6.8 years exp, 37% response rate.","Evaluated offline: 4.0 years exp, 11% response rate."
CAND_0001107,CAND_0001861,77,56,"Evaluated offline: 8.5 years exp, 36% response rate.","Evaluated offline: 13.9 years exp, 16% response rate."
CAND_0000254,CAND_0000986,77,56,"Evaluated offline: 5.7 years exp, 39% response rate.","Evaluated offline: 12.4 years exp, 30% response rate."
CAND_0001152,CAND_0000708,77,56,"Evaluated offline: 7.0 years exp, 38% response rate.","Evaluated offline: 4.2 years exp, 31% response rate."
CAND_0001208,CAND_0001756,77,56,"Evaluated offline: 5.8 years exp, 35% response rate.","Evaluated offline: 14.6 years exp, 30% response rate."
CAND_0000501,CAND_0000177,77,56,"Evaluated offline: 6.0 years exp, 36% response rate.","Evaluated offline: 12.2 years exp, 27% response rate."
CAND_0000635,CAND_0000776,77,56,"Evaluated offline: 5.6 years exp, 38% response rate.","Evaluated offline: 1.4 years exp, 30% response rate."
CAND_0001799,CAND_0001973,76,56,"Evaluated offline: 7.8 years exp, 34% response rate.","Evaluated offline: 9.7 years exp, 33% response rate."
CAND_0000830,CAND_0001191,76,56,"Evaluated offline: 8.7 years exp, 21% response rate.","Evaluated offline: 9.7 years exp, 10% response rate."
CAND_0000241,CAND_0001310,76,56,"Evaluated offline: 7.7 years exp, 30% response rate.","Evaluated offline: 9.4 years exp, 30% response rate."
CAND_0001392,CAND_0000450,76,56,"Evaluated offline: 6.8 years exp, 30% response rate.","Evaluated offline: 3.5 years exp, 34% response rate."
CAND_0001120,CAND_0000555,76,57,"Evaluated offline: 6.6 years exp, 33% response rate.","Evaluated offline: 10.5 years exp, 36% response rate."
CAND_0000404,CAND_0000425,76,57,"Evaluated offline: 8.2 years exp, 31% response rate.","Evaluated offline: 9.5 years exp, 38% response rate."
CAND_0001570,CAND_0000959,76,57,"Evaluated offline: 7.2 years exp, 34% response rate.","Evaluated offline: 3.2 years exp, 36% response rate."
CAND_0000019,CAND_0001239,76,57,"Evaluated offline: 6.5 years exp, 34% response rate.","Evaluated offline: 12.1 years exp, 37% response rate."
CAND_0001458,CAND_0001307,76,57,"Evaluated offline: 6.4 years exp, 34% response rate.","Evaluated offline: 12.9 years exp, 35% response rate."
CAND_0000029,CAND_0001854,76,57,"Evaluated offline: 7.2 years exp, 12% response rate.","Evaluated offline: 3.2 years exp, 36% response rate."
CAND_0001900,CAND_0000356,76,57,"Evaluated offline: 6.4 years exp, 30% response rate.","Evaluated offline: 1.6 years exp, 21% response rate."
CAND_0001526,CAND_0001293,76,57,"Evaluated offline: 7.6 years exp, 34% response rate.","Evaluated offline: 4.8 years exp, 32% response rate."
CAND_0000593,CAND_0000923,76,57,"Evaluated offline: 6.2 years exp, 33% response rate.","Evaluated offline: 2.1 years exp, 35% response rate."
CAND_0001620,CAND_0001030,76,57,"Evaluated offline: 7.5 years exp, 31% response rate.","Evaluated offline: 2.2 years exp, 16% response rate."
CAND_0000520,CAND_0000536,76,57,"Evaluated offline: 9.0 years exp, 30% response rate.","Evaluated offline: 1.7 years exp, 37% response rate."
CAND_0001902,CAND_0000657,76,57,"Evaluated offline: 6.0 years exp, 32% response rate.","Evaluated offline: 2.3 years exp, 13% response rate."
CAND_0000124,CAND_0000430,76,57,"Evaluated offline: 7.6 years exp, 33% response rate.","Evaluated offline: 9.3 years exp, 26% response rate."
CAND_0000965,CAND_0001242,76,57,"Evaluated offline: 6.2 years exp, 33% response rate.","Evaluated offline: 9.5 years exp, 38% response rate."
CAND_0001295,CAND_0001433,76,57,"Evaluated offline: 7.6 years exp, 33% response rate.","Evaluated offline: 9.7 years exp, 12% response rate."
CAND_0000255,CAND_0000815,76,57,"Evaluated offline: 8.0 years exp, 34% response rate.","Evaluated offline: 2.5 years exp, 39% response rate."
CAND_0001875,CAND_0000047,76,57,"Evaluated offline: 8.4 years exp, 31% response rate.","Evaluated offline: 2.4 years exp, 39% response rate."
CAND_0001090,CAND_0001528,75,57,"Evaluated offline: 7.8 years exp, 10% response rate.","Evaluated offline: 3.1 years exp, 36% response rate."
CAND_0000895,CAND_0000481,75,57,"Evaluated offline: 5.1 years exp, 25% response rate.","Evaluated offline: 4.6 years exp, 36% response rate."
CAND_0001049,CAND_0000507,75,57,"Evaluated offline: 8.5 years exp, 27% response rate.","Evaluated offline: 1.2 years exp, 32% response rate."
CAND_0001001,CAND_0001680,75,57,"Evaluated offline: 6.7 years exp, 26% response rate.","Evaluated offline: 1.3 years exp, 16% response rate."
CAND_0000976,CAND_0000251,75,57,"Evaluated offline: 7.1 years exp, 27% response rate.","Evaluated offline: 11.4 years exp, 39% response rate."
CAND_0001410,CAND_0001659,75,57,"Evaluated offline: 5.4 years exp, 28% response rate.","Evaluated offline: 9.7 years exp, 14% response rate."
CAND_0001931,CAND_0001372,75,57,"Evaluated offline: 8.3 years exp, 27% response rate.","Evaluated offline: 10.1 years exp, 17% response rate."
CAND_0000238,CAND_0000479,75,57,"Evaluated offline: 7.6 years exp, 28% response rate.","Evaluated offline: 13.1 years exp, 39% response rate."
CAND_0000357,CAND_0001700,75,57,"Evaluated offline: 7.7 years exp, 20% response rate.","Evaluated offline: 11.5 years exp, 36% response rate."
CAND_0001158,CAND_0001708,75,57,"Evaluated offline: 6.9 years exp, 19% response rate.","Evaluated offline: 2.7 years exp, 39% response rate."
CAND_0000785,CAND_0001569,75,57,"Evaluated offline: 5.3 years exp, 8% response rate.","Evaluated offline: 9.4 years exp, 36% response rate."
CAND_0001498,CAND_0000553,75,57,"Evaluated offline: 6.4 years exp, 24% response rate.","Evaluated offline: 9.3 years exp, 38% response rate."
CAND_0000851,CAND_0000444,75,57,"Evaluated offline: 5.2 years exp, 28% response rate.","Evaluated offline: 14.3 years exp, 36% response rate."
CAND_0001739,CAND_0001929,75,57,"Evaluated offline: 6.5 years exp, 26% response rate.","Evaluated offline: 9.3 years exp, 37% response rate."
CAND_0001601,CAND_0001496,75,57,"Evaluated offline: 6.4 years exp, 29% response rate.","Evaluated offline: 1.1 years exp, 39% response rate."
CAND_0000140,CAND_0001538,75,57,"Evaluated offline: 8.1 years exp, 29% response rate.","Evaluated offline: 12.4 years exp, 36% response rate."
CAND_0001798,CAND_0000848,75,57,"Evaluated offline: 7.2 years exp, 29% response rate.","Evaluated offline: 9.3 years exp, 38% response rate."
CAND_0001859,CAND_0000988,75,57,"Evaluated offline: 7.5 years exp, 12% response rate.","Evaluated offline: 9.2 years exp, 39% response rate."
CAND_0000627,CAND_0000953,75,57,"Evaluated offline: 7.0 years exp, 27% response rate.","Evaluated offline: 12.1 years exp, 15% response rate."
CAND_0000884,CAND_0000421,75,57,"Evaluated offline: 6.0 years exp, 17% response rate.","Evaluated offline: 4.5 years exp, 35% response rate."
CAND_0001510,CAND_0000174,75,57,"Evaluated offline: 5.0 years exp, 28% response rate.","Evaluated offline: 2.7 years exp, 38% response rate."
CAND_0000526,CAND_0001625,75,57,"Evaluated offline: 5.8 years exp, 27% response rate.","Evaluated offline: 4.2 years exp, 29% response rate."
CAND_0000933,CAND_0001117,74,57,"Evaluated offline: 7.5 years exp, 24% response rate.","Evaluated offline: 4.4 years exp, 37% response rate."
CAND_0001934,CAND_0000885,74,57,"Evaluated offline: 6.1 years exp, 22% response rate.","Evaluated offline: 14.4 years exp, 37% response rate."
CAND_0001888,CAND_0000166,74,57,"Evaluated offline: 8.9 years exp, 20% response rate.","Evaluated offline: 4.8 years exp, 39% response rate."
CAND_0001932,CAND_0001176,74,58,"Evaluated offline: 7.5 years exp, 20% response rate.","Evaluated offline: 2.6 years exp, 44% response rate."
CAND_0001818,CAND_0000069,74,58,"Evaluated offline: 8.0 years exp, 23% response rate.","Evaluated offline: 13.0 years exp, 43% response rate."
CAND_0001988,CAND_0001523,74,58,"Evaluated offline: 7.6 years exp, 22% response rate.","Evaluated offline: 1.8 years exp, 40% response rate."
CAND_0000128,CAND_0000385,74,58,"Evaluated offline: 8.5 years exp, 20% response rate.","Evaluated offline: 10.9 years exp, 43% response rate."
CAND_0001905,CAND_0000963,74,58,"Evaluated offline: 8.3 years exp, 20% response rate.","Evaluated offline: 3.2 years exp, 26% response rate."
CAND_0000106,CAND_0001966,74,58,"Evaluated offline: 6.6 years exp, 20% response rate.","Evaluated offline: 10.0 years exp, 41% response rate."
CAND_0000060,CAND_0001957,74,58,"Evaluated offline: 8.0 years exp, 22% response rate.","Evaluated offline: 2.2 years exp, 28% response rate."
CAND_0001928,CAND_0000712,74,58,"Evaluated offline: 5.9 years exp, 20% response rate.","Evaluated offline: 2.5 years exp, 42% response rate."
CAND_0001989,CAND_0000268,74,58,"Evaluated offline: 5.9 years exp, 24% response rate.","Evaluated offline: 11.3 years exp, 38% response rate."
CAND_0000192,CAND_0001689,74,58,"Evaluated offline: 5.1 years exp, 16% response rate.","Evaluated offline: 12.6 years exp, 43% response rate."
CAND_0001672,CAND_0001078,74,58,"Evaluated offline: 5.2 years exp, 17% response rate.","Evaluated offline: 9.7 years exp, 31% response rate."
CAND_0001273,CAND_0000162,74,58,"Evaluated offline: 5.8 years exp, 22% response rate.","Evaluated offline: 13.8 years exp, 42% response rate."
CAND_0000072,CAND_0001710,74,58,"Evaluated offline: 7.0 years exp, 14% response rate.","Evaluated offline: 1.2 years exp, 40% response rate."
CAND_0001412,CAND_0000399,74,58,"Evaluated offline: 8.3 years exp, 23% response rate.","Evaluated offline: 12.9 years exp, 44% response rate."
CAND_0000215,CAND_0000846,74,58,"Evaluated offline: 7.9 years exp, 23% response rate.","Evaluated offline: 14.5 years exp, 41% response rate."
CAND_0001619,CAND_0000334,74,58,"Evaluated offline: 7.8 years exp, 24% response rate.","Evaluated offline: 1.4 years exp, 39% response rate."
CAND_0001937,CAND_0000270,74,58,"Evaluated offline: 8.1 years exp, 24% response rate.","Evaluated offline: 14.4 years exp, 38% response rate."
CAND_0001637,CAND_0001354,74,58,"Evaluated offline: 7.6 years exp, 18% response rate.","Evaluated offline: 4.5 years exp, 42% response rate."
CAND_0000332,CAND_0001623,74,58,"Evaluated offline: 5.4 years exp, 22% response rate.","Evaluated offline: 2.1 years exp, 32% response rate."
CAND_0000300,CAND_0000834,73,58,"Evaluated offline: 8.5 years exp, 18% response rate.","Evaluated offline: 1.9 years exp, 10% response rate."
CAND_0000180,CAND_0001234,73,58,"Evaluated offline: 8.5 years exp, 18% response rate.","Evaluated offline: 3.3 years exp, 42% response rate."
CAND_0000530,CAND_0001370,73,58,"Evaluated offline: 5.9 years exp, 19% response rate.","Evaluated offline: 2.2 years exp, 43% response rate."
CAND_0000729,CAND_0000568,73,58,"Evaluated offline: 9.0 years exp, 19% response rate.","Evaluated offline: 11.5 years exp, 38% response rate."
CAND_0001656,CAND_0001129,73,58,"Evaluated offline: 5.4 years exp, 19% response rate.","Evaluated offline: 12.9 years exp, 42% response rate."
CAND_0000535,CAND_0001450,73,58,"Evaluated offline: 5.4 years exp, 15% response rate.","Evaluated offline: 9.6 years exp, 44% response rate."
CAND_0000964,CAND_0000562,73,58,"Evaluated offline: 7.2 years exp, 17% response rate.","Evaluated offline: 9.3 years exp, 42% response rate."
CAND_0001635,CAND_0001020,73,58,"Evaluated offline: 7.3 years exp, 16% response rate.","Evaluated offline: 9.8 years exp, 40% response rate."
CAND_0000118,CAND_0000492,73,58,"Evaluated offline: 7.2 years exp, 16% response rate.","Evaluated offline: 14.2 years exp, 43% response rate."
CAND_0000147,CAND_0000784,73,58,"Evaluated offline: 5.2 years exp, 16% response rate.","Evaluated offline: 3.8 years exp, 19% response rate."
CAND_0000624,CAND_0001222,73,58,"Evaluated offline: 5.7 years exp, 16% response rate.","Evaluated offline: 1.3 years exp, 40% response rate."
CAND_0001970,CAND_0001272,73,58,"Evaluated offline: 5.0 years exp, 15% response rate.","Evaluated offline: 9.6 years exp, 43% response rate."
CAND_0001987,CAND_0000274,73,58,"Evaluated offline: 5.2 years exp, 13% response rate.","Evaluated offline: 3.0 years exp, 44% response rate."
CAND_0001241,CAND_0000293,73,58,"Evaluated offline: 7.1 years exp, 15% response rate.","Evaluated offline: 10.3 years exp, 40% response rate."
CAND_0000061,CAND_0000379,73,58,"Evaluated offline: 7.7 years exp, 17% response rate.","Evaluated offline: 1.9 years exp, 43% response rate."
CAND_0000313,CAND_0001339,73,58,"Evaluated offline: 7.0 years exp, 18% response rate.","Evaluated offline: 10.8 years exp, 41% response rate."
CAND_0001150,CAND_0000175,73,58,"Evaluated offline: 7.4 years exp, 16% response rate.","Evaluated offline: 3.7 years exp, 42% response rate."
CAND_0000403,CAND_0000764,73,58,"Evaluated offline: 5.3 years exp, 18% response rate.","Evaluated offline: 3.9 years exp, 44% response rate."
CAND_0001253,CAND_0000008,73,58,"Evaluated offline: 5.9 years exp, 18% response rate.","Evaluated offline: 3.6 years exp, 42% response rate."
CAND_0001665,CAND_0001236,72,58,"Evaluated offline: 5.0 years exp, 11% response rate.","Evaluated offline: 4.1 years exp, 19% response rate."
CAND_0000173,CAND_0000725,72,58,"Evaluated offline: 7.9 years exp, 12% response rate.","Evaluated offline: 10.3 years exp, 42% response rate."
CAND_0001679,CAND_0001751,72,58,"Evaluated offline: 7.4 years exp, 14% response rate.","Evaluated offline: 4.5 years exp, 27% response rate."
CAND_0000531,CAND_0000556,72,58,"Evaluated offline: 5.4 years exp, 13% response rate.","Evaluated offline: 12.1 years exp, 44% response rate."
CAND_0001654,CAND_0000209,72,58,"Evaluated offline: 6.2 years exp, 11% response rate.","Evaluated offline: 10.3 years exp, 40% response rate."
CAND_0001024,CAND_0000472,72,58,"Evaluated offline: 7.3 years exp, 14% response rate.","Evaluated offline: 2.9 years exp, 38% response rate."
CAND_0001207,CAND_0000460,72,58,"Evaluated offline: 7.7 years exp, 14% response rate.","Evaluated offline: 12.2 years exp, 42% response rate."
CAND_0000125,CAND_0001737,72,58,"Evaluated offline: 6.5 years exp, 10% response rate.","Evaluated offline: 13.8 years exp, 30% response rate."
CAND_0000198,CAND_0000308,72,58,"Evaluated offline: 6.3 years exp, 11% response rate.","Evaluated offline: 2.0 years exp, 42% response rate."
CAND_0000389,CAND_0001589,72,58,"Evaluated offline: 5.4 years exp, 13% response rate.","Evaluated offline: 12.2 years exp, 37% response rate."
CAND_0000006,CAND_0001318,72,58,"Evaluated offline: 6.0 years exp, 12% response rate.","Evaluated offline: 11.2 years exp, 44% response rate."
CAND_0001958,CAND_0000205,72,59,"Evaluated offline: 7.5 years exp, 11% response rate.","Evaluated offline: 4.8 years exp, 47% response rate."
CAND_0001822,CAND_0001630,72,59,"Evaluated offline: 7.7 years exp, 14% response rate.","Evaluated offline: 4.9 years exp, 30% response rate."
CAND_0001352,CAND_0001995,72,59,"Evaluated offline: 6.8 years exp, 10% response rate.","Evaluated offline: 4.0 years exp, 48% response rate."
CAND_0001560,CAND_0001164,72,59,"Evaluated offline: 8.2 years exp, 12% response rate.","Evaluated offline: 4.9 years exp, 27% response rate."
CAND_0000388,CAND_0001414,72,59,"Evaluated offline: 6.0 years exp, 11% response rate.","Evaluated offline: 1.4 years exp, 46% response rate."
CAND_0000866,CAND_0000920,72,59,"Evaluated offline: 5.6 years exp, 14% response rate.","Evaluated offline: 9.7 years exp, 47% response rate."
CAND_0001789,CAND_0001188,72,59,"Evaluated offline: 6.5 years exp, 12% response rate.","Evaluated offline: 12.7 years exp, 46% response rate."
CAND_0000480,CAND_0000767,72,59,"Evaluated offline: 5.9 years exp, 13% response rate.","Evaluated offline: 3.3 years exp, 49% response rate."
CAND_0001683,CAND_0000699,72,59,"Evaluated offline: 7.0 years exp, 13% response rate.","Evaluated offline: 4.7 years exp, 47% response rate."
CAND_0000647,CAND_0001544,72,59,"Evaluated offline: 7.7 years exp, 11% response rate.","Evaluated offline: 10.5 years exp, 44% response rate."
CAND_0000667,CAND_0001190,72,59,"Evaluated offline: 7.9 years exp, 13% response rate.","Evaluated offline: 12.1 years exp, 44% response rate."
CAND_0001351,CAND_0001611,72,59,"Evaluated offline: 6.2 years exp, 13% response rate.","Evaluated offline: 1.6 years exp, 48% response rate."
CAND_0000572,CAND_0001214,71,59,"Evaluated offline: 6.1 years exp, 9% response rate.","Evaluated offline: 2.0 years exp, 45% response rate."
CAND_0000441,CAND_0001252,71,59,"Evaluated offline: 7.5 years exp, 9% response rate.","Evaluated offline: 3.4 years exp, 45% response rate."
CAND_0000539,CAND_0000276,71,59,"Evaluated offline: 2.9 years exp, 82% response rate.","Evaluated offline: 1.6 years exp, 48% response rate."
CAND_0000538,CAND_0001046,71,59,"Evaluated offline: 5.0 years exp, 6% response rate.","Evaluated offline: 3.1 years exp, 47% response rate."
CAND_0001384,CAND_0000163,71,59,"Evaluated offline: 9.8 years exp, 84% response rate.","Evaluated offline: 12.3 years exp, 43% response rate."
CAND_0000661,CAND_0001877,71,59,"Evaluated offline: 6.9 years exp, 9% response rate.","Evaluated offline: 4.9 years exp, 48% response rate."
CAND_0000907,CAND_0000659,71,59,"Evaluated offline: 8.1 years exp, 6% response rate.","Evaluated offline: 12.1 years exp, 35% response rate."
CAND_0000835,CAND_0001452,71,59,"Evaluated offline: 9.0 years exp, 7% response rate.","Evaluated offline: 2.3 years exp, 47% response rate."
CAND_0001443,CAND_0001361,71,59,"Evaluated offline: 8.7 years exp, 9% response rate.","Evaluated offline: 13.4 years exp, 49% response rate."
CAND_0000858,CAND_0001260,71,59,"Evaluated offline: 2.5 years exp, 81% response rate.","Evaluated offline: 14.2 years exp, 48% response rate."
CAND_0001941,CAND_0001829,71,59,"Evaluated offline: 1.7 years exp, 83% response rate.","Evaluated offline: 4.1 years exp, 45% response rate."
CAND_0000494,CAND_0001217,70,59,"Evaluated offline: 3.4 years exp, 80% response rate.","Evaluated offline: 9.6 years exp, 46% response rate."
CAND_0001946,CAND_0000788,70,59,"Evaluated offline: 2.0 years exp, 84% response rate.","Evaluated offline: 2.0 years exp, 47% response rate."
CAND_0001435,CAND_0000443,70,59,"Evaluated offline: 1.4 years exp, 84% response rate.","Evaluated offline: 10.8 years exp, 27% response rate."
CAND_0001785,CAND_0001154,70,59,"Evaluated offline: 3.2 years exp, 74% response rate.","Evaluated offline: 1.1 years exp, 48% response rate."
CAND_0001405,CAND_0001817,70,59,"Evaluated offline: 3.5 years exp, 69% response rate.","Evaluated offline: 1.8 years exp, 47% response rate."
CAND_0000427,CAND_0000387,69,59,"Evaluated offline: 2.6 years exp, 65% response rate.","Evaluated offline: 10.4 years exp, 46% response rate."
CAND_0000167,CAND_0001012,69,59,"Evaluated offline: 9.1 years exp, 76% response rate.","Evaluated offline: 12.7 years exp, 34% response rate."
CAND_0001838,CAND_0000463,69,59,"Evaluated offline: 13.1 years exp, 77% response rate.","Evaluated offline: 2.2 years exp, 45% response rate."
CAND_0001194,CAND_0000179,69,59,"Evaluated offline: 9.8 years exp, 80% response rate.","Evaluated offline: 3.2 years exp, 46% response rate."
CAND_0001068,CAND_0001094,69,59,"Evaluated offline: 2.1 years exp, 65% response rate.","Evaluated offline: 11.0 years exp, 45% response rate."
CAND_0001713,CAND_0000013,69,59,"Evaluated offline: 2.8 years exp, 60% response rate.","Evaluated offline: 1.1 years exp, 28% response rate."
CAND_0000970,CAND_0000067,69,59,"Evaluated offline: 3.0 years exp, 77% response rate.","Evaluated offline: 3.9 years exp, 45% response rate."
CAND_0000704,CAND_0001383,69,59,"Evaluated offline: 3.3 years exp, 71% response rate.","Evaluated offline: 2.3 years exp, 24% response rate."
CAND_0001133,CAND_0001448,68,59,"Evaluated offline: 4.0 years exp, 78% response rate.","Evaluated offline: 2.7 years exp, 27% response rate."
CAND_0000201,CAND_0001503,68,59,"Evaluated offline: 14.1 years exp, 72% response rate.","Evaluated offline: 13.1 years exp, 26% response rate."
CAND_0000204,CAND_0000052,68,59,"Evaluated offline: 3.5 years exp, 73% response rate.","Evaluated offline: 1.4 years exp, 48% response rate."
CAND_0001378,CAND_0001721,68,59,"Evaluated offline: 4.8 years exp, 77% response rate.","Evaluated offline: 1.2 years exp, 49% response rate."
CAND_0001311,CAND_0001549,68,59,"Evaluated offline: 2.0 years exp, 63% response rate.","Evaluated offline: 1.3 years exp, 45% response rate."
CAND_0001608,CAND_0001064,68,59,"Evaluated offline: 4.1 years exp, 64% response rate.","Evaluated offline: 10.7 years exp, 49% response rate."
CAND_0001079,CAND_0000376,68,59,"Evaluated offline: 1.0 years exp, 74% response rate.","Evaluated offline: 14.2 years exp, 45% response rate."
CAND_0001327,CAND_0001815,68,59,"Evaluated offline: 2.4 years exp, 81% response rate.","Evaluated offline: 2.3 years exp, 48% response rate."
CAND_0001955,CAND_0000339,68,59,"Evaluated offline: 11.7 years exp, 75% response rate.","Evaluated offline: 1.6 years exp, 37% response rate."
CAND_0000062,CAND_0000371,68,59,"Evaluated offline: 4.3 years exp, 69% response rate.","Evaluated offline: 15.0 years exp, 47% response rate."
CAND_0000955,CAND_0001639,67,59,"Evaluated offline: 1.5 years exp, 62% response rate.","Evaluated offline: 3.3 years exp, 45% response rate."
CAND_0000992,CAND_0000111,67,59,"Evaluated offline: 2.1 years exp, 84% response rate.","Evaluated offline: 2.5 years exp, 49% response rate."
CAND_0001345,CAND_0000610,67,59,"Evaluated offline: 2.6 years exp, 82% response rate.","Evaluated offline: 4.0 years exp, 49% response rate."
CAND_0001752,CAND_0000749,67,59,"Evaluated offline: 10.8 years exp, 68% response rate.","Evaluated offline: 12.1 years exp, 48% response rate."
CAND_0001415,CAND_0000199,67,60,"Evaluated offline: 9.6 years exp, 72% response rate.","Evaluated offline: 3.6 years exp, 53% response rate."
CAND_0001476,CAND_0001786,67,60,"Evaluated offline: 11.1 years exp, 63% response rate.","Evaluated offline: 2.6 years exp, 51% response rate."
CAND_0000445,CAND_0001243,67,60,"Evaluated offline: 9.5 years exp, 79% response rate.","Evaluated offline: 11.9 years exp, 51% response rate."
CAND_0001933,CAND_0000649,67,60,"Evaluated offline: 4.3 years exp, 59% response rate.","Evaluated offline: 4.5 years exp, 54% response rate."
CAND_0001983,CAND_0000009,67,60,"Evaluated offline: 1.2 years exp, 72% response rate.","Evaluated offline: 11.0 years exp, 53% response rate."
CAND_0001627,CAND_0001333,67,60,"Evaluated offline: 13.0 years exp, 65% response rate.","Evaluated offline: 10.5 years exp, 50% response rate."
CAND_0001953,CAND_0001803,67,60,"Evaluated offline: 3.4 years exp, 67% response rate.","Evaluated offline: 3.5 years exp, 51% response rate."
CAND_0000774,CAND_0000939,66,60,"Evaluated offline: 4.3 years exp, 77% response rate.","Evaluated offline: 1.9 years exp, 43% response rate."
CAND_0001066,CAND_0000208,66,60,"Evaluated offline: 1.6 years exp, 81% response rate.","Evaluated offline: 4.2 years exp, 52% response rate."
CAND_0000226,CAND_0000954,66,60,"Evaluated offline: 3.5 years exp, 57% response rate.","Evaluated offline: 3.7 years exp, 43% response rate."
CAND_0000023,CAND_0001062,66,60,"Evaluated offline: 3.7 years exp, 57% response rate.","Evaluated offline: 3.1 years exp, 51% response rate."
CAND_0000737,CAND_0001104,66,60,"Evaluated offline: 4.6 years exp, 67% response rate.","Evaluated offline: 12.8 years exp, 53% response rate."
CAND_0001548,CAND_0001853,66,60,"Evaluated offline: 2.7 years exp, 65% response rate.","Evaluated offline: 12.5 years exp, 41% response rate."
CAND_0000349,CAND_0001309,66,60,"Evaluated offline: 11.0 years exp, 78% response rate.","Evaluated offline: 13.6 years exp, 50% response rate."
CAND_0000849,CAND_0000164,66,60,"Evaluated offline: 2.7 years exp, 82% response rate.","Evaluated offline: 3.7 years exp, 52% response rate."
CAND_0001969,CAND_0000608,66,60,"Evaluated offline: 1.6 years exp, 71% response rate.","Evaluated offline: 11.1 years exp, 54% response rate."
CAND_0001562,CAND_0001881,66,60,"Evaluated offline: 10.1 years exp, 66% response rate.","Evaluated offline: 10.9 years exp, 53% response rate."
CAND_0000899,CAND_0000968,66,60,"Evaluated offline: 4.1 years exp, 83% response rate.","Evaluated offline: 13.4 years exp, 29% response rate."
CAND_0000186,CAND_0001791,66,60,"Evaluated offline: 12.4 years exp, 60% response rate.","Evaluated offline: 11.6 years exp, 50% response rate."
CAND_0000945,CAND_0000267,65,60,"Evaluated offline: 9.1 years exp, 75% response rate.","Evaluated offline: 3.3 years exp, 43% response rate."
CAND_0001874,CAND_0001725,65,60,"Evaluated offline: 14.7 years exp, 58% response rate.","Evaluated offline: 2.5 years exp, 44% response rate."
CAND_0000711,CAND_0000984,65,60,"Evaluated offline: 12.9 years exp, 71% response rate.","Evaluated offline: 9.8 years exp, 34% response rate."
CAND_0000344,CAND_0001692,65,60,"Evaluated offline: 2.5 years exp, 58% response rate.","Evaluated offline: 14.2 years exp, 51% response rate."
CAND_0001069,CAND_0000791,65,60,"Evaluated offline: 9.9 years exp, 75% response rate.","Evaluated offline: 4.0 years exp, 43% response rate."
CAND_0000845,CAND_0001909,65,60,"Evaluated offline: 12.5 years exp, 77% response rate.","Evaluated offline: 4.3 years exp, 54% response rate."
CAND_0001685,CAND_0001358,65,60,"Evaluated offline: 10.4 years exp, 75% response rate.","Evaluated offline: 1.9 years exp, 40% response rate."
CAND_0000726,CAND_0001998,65,60,"Evaluated offline: 9.3 years exp, 57% response rate.","Evaluated offline: 13.7 years exp, 52% response rate."
CAND_0001532,CAND_0001827,65,60,"Evaluated offline: 1.2 years exp, 62% response rate.","Evaluated offline: 9.8 years exp, 51% response rate."
CAND_0000534,CAND_0000415,65,60,"Evaluated offline: 4.7 years exp, 73% response rate.","Evaluated offline: 9.7 years exp, 42% response rate."
CAND_0001974,CAND_0001534,65,60,"Evaluated offline: 10.5 years exp, 77% response rate.","Evaluated offline: 11.2 years exp, 53% response rate."
CAND_0000658,CAND_0000288,65,60,"Evaluated offline: 13.1 years exp, 74% response rate.","Evaluated offline: 2.7 years exp, 50% response rate."
CAND_0000865,CAND_0000141,65,60,"Evaluated offline: 4.4 years exp, 76% response rate.","Evaluated offline: 1.5 years exp, 54% response rate."
CAND_0000528,CAND_0000321,65,60,"Evaluated offline: 11.6 years exp, 78% response rate.","Evaluated offline: 12.1 years exp, 50% response rate."
CAND_0001004,CAND_0001308,65,60,"Evaluated offline: 1.9 years exp, 75% response rate.","Evaluated offline: 3.6 years exp, 39% response rate."
CAND_0000766,CAND_0001198,65,60,"Evaluated offline: 2.7 years exp, 62% response rate.","Evaluated offline: 2.6 years exp, 45% response rate."
CAND_0000978,CAND_0000680,65,60,"Evaluated offline: 4.3 years exp, 56% response rate.","Evaluated offline: 10.7 years exp, 46% response rate."
CAND_0001072,CAND_0000471,65,60,"Evaluated offline: 3.0 years exp, 78% response rate.","Evaluated offline: 2.1 years exp, 52% response rate."
CAND_0000861,CAND_0001557,65,60,"Evaluated offline: 2.0 years exp, 53% response rate.","Evaluated offline: 3.1 years exp, 54% response rate."
CAND_0000342,CAND_0001720,65,60,"Evaluated offline: 13.2 years exp, 75% response rate.","Evaluated offline: 1.1 years exp, 34% response rate."
CAND_0001783,CAND_0000122,65,60,"Evaluated offline: 12.3 years exp, 75% response rate.","Evaluated offline: 9.7 years exp, 50% response rate."
CAND_0001427,CAND_0001770,65,60,"Evaluated offline: 13.4 years exp, 77% response rate.","Evaluated offline: 12.9 years exp, 37% response rate."
CAND_0000746,CAND_0000345,65,60,"Evaluated offline: 9.8 years exp, 69% response rate.","Evaluated offline: 4.3 years exp, 32% response rate."
CAND_0000628,CAND_0000999,65,60,"Evaluated offline: 2.1 years exp, 78% response rate.","Evaluated offline: 2.1 years exp, 50% response rate."
CAND_0001863,CAND_0001042,65,60,"Evaluated offline: 2.7 years exp, 78% response rate.","Evaluated offline: 11.0 years exp, 54% response rate."
CAND_0001043,CAND_0000660,65,60,"Evaluated offline: 4.2 years exp, 77% response rate.","Evaluated offline: 1.1 years exp, 54% response rate."
CAND_0001610,CAND_0001340,65,60,"Evaluated offline: 3.0 years exp, 57% response rate.","Evaluated offline: 2.2 years exp, 45% response rate."
CAND_0001111,CAND_0000155,65,60,"Evaluated offline: 4.5 years exp, 78% response rate.","Evaluated offline: 3.2 years exp, 30% response rate."
CAND_0000085,CAND_0000644,65,60,"Evaluated offline: 12.9 years exp, 77% response rate.","Evaluated offline: 10.6 years exp, 40% response rate."
CAND_0000234,CAND_0000679,65,60,"Evaluated offline: 1.4 years exp, 78% response rate.","Evaluated offline: 4.0 years exp, 29% response rate."
CAND_0000491,CAND_0001220,65,61,"Evaluated offline: 14.1 years exp, 75% response rate.","Evaluated offline: 1.2 years exp, 47% response rate."
CAND_0000305,CAND_0000987,65,61,"Evaluated offline: 4.7 years exp, 68% response rate.","Evaluated offline: 4.7 years exp, 59% response rate."
CAND_0000030,CAND_0001824,65,61,"Evaluated offline: 10.0 years exp, 66% response rate.","Evaluated offline: 11.0 years exp, 58% response rate."
CAND_0001954,CAND_0001422,65,61,"Evaluated offline: 10.9 years exp, 75% response rate.","Evaluated offline: 4.2 years exp, 56% response rate."
CAND_0001612,CAND_0001052,65,61,"Evaluated offline: 3.2 years exp, 56% response rate.","Evaluated offline: 11.5 years exp, 58% response rate."
CAND_0001894,CAND_0000010,65,61,"Evaluated offline: 13.4 years exp, 75% response rate.","Evaluated offline: 4.6 years exp, 40% response rate."
CAND_0000470,CAND_0000773,65,61,"Evaluated offline: 14.2 years exp, 77% response rate.","Evaluated offline: 13.0 years exp, 58% response rate."
CAND_0000640,CAND_0001299,65,61,"Evaluated offline: 9.6 years exp, 57% response rate.","Evaluated offline: 11.9 years exp, 55% response rate."
CAND_0001436,CAND_0000284,65,61,"Evaluated offline: 2.4 years exp, 55% response rate.","Evaluated offline: 2.4 years exp, 50% response rate."
CAND_0000637,CAND_0001163,65,61,"Evaluated offline: 3.9 years exp, 74% response rate.","Evaluated offline: 10.6 years exp, 57% response rate."
CAND_0000336,CAND_0001896,65,61,"Evaluated offline: 4.9 years exp, 74% response rate.","Evaluated offline: 2.7 years exp, 39% response rate."
CAND_0000283,CAND_0001274,65,61,"Evaluated offline: 3.5 years exp, 75% response rate.","Evaluated offline: 2.4 years exp, 48% response rate."
CAND_0000573,CAND_0000694,64,61,"Evaluated offline: 13.2 years exp, 73% response rate.","Evaluated offline: 3.3 years exp, 59% response rate."
CAND_0001769,CAND_0000873,64,61,"Evaluated offline: 12.9 years exp, 72% response rate.","Evaluated offline: 2.1 years exp, 55% response rate."
CAND_0001099,CAND_0001428,64,61,"Evaluated offline: 11.3 years exp, 67% response rate.","Evaluated offline: 4.3 years exp, 54% response rate."
CAND_0000887,CAND_0001968,64,61,"Evaluated offline: 1.1 years exp, 74% response rate.","Evaluated offline: 4.4 years exp, 59% response rate."
CAND_0001916,CAND_0000049,64,61,"Evaluated offline: 2.2 years exp, 70% response rate.","Evaluated offline: 11.8 years exp, 59% response rate."
CAND_0001447,CAND_0000262,64,61,"Evaluated offline: 10.0 years exp, 71% response rate.","Evaluated offline: 4.9 years exp, 46% response rate."
CAND_0000074,CAND_0001238,64,61,"Evaluated offline: 1.9 years exp, 73% response rate.","Evaluated offline: 9.1 years exp, 57% response rate."
CAND_0001167,CAND_0001687,64,61,"Evaluated offline: 10.6 years exp, 74% response rate.","Evaluated offline: 3.9 years exp, 46% response rate."
CAND_0001367,CAND_0000462,64,61,"Evaluated offline: 9.4 years exp, 63% response rate.","Evaluated offline: 2.1 years exp, 59% response rate."
CAND_0001337,CAND_0001862,64,61,"Evaluated offline: 4.6 years exp, 43% response rate.","Evaluated offline: 2.6 years exp, 42% response rate."
CAND_0001935,CAND_0001137,64,61,"Evaluated offline: 9.4 years exp, 70% response rate.","Evaluated offline: 14.8 years exp, 41% response rate."
CAND_0001146,CAND_0001006,64,61,"Evaluated offline: 14.6 years exp, 70% response rate.","Evaluated offline: 4.7 years exp, 28% response rate."
CAND_0001942,CAND_0000650,64,61,"Evaluated offline: 9.7 years exp, 74% response rate.","Evaluated offline: 14.8 years exp, 56% response rate."
CAND_0000794,CAND_0000542,64,61,"Evaluated offline: 1.5 years exp, 55% response rate.","Evaluated offline: 12.9 years exp, 59% response rate."
CAND_0000827,CAND_0000448,64,61,"Evaluated offline: 2.5 years exp, 57% response rate.","Evaluated offline: 13.9 years exp, 56% response rate."
CAND_0001757,CAND_0000524,64,61,"Evaluated offline: 10.9 years exp, 63% response rate.","Evaluated offline: 10.1 years exp, 59% response rate."
CAND_0001513,CAND_0000677,64,61,"Evaluated offline: 3.9 years exp, 74% response rate.","Evaluated offline: 12.4 years exp, 58% response rate."
CAND_0001204,CAND_0001518,64,61,"Evaluated offline: 1.5 years exp, 65% response rate.","Evaluated offline: 14.2 years exp, 58% response rate."
CAND_0001724,CAND_0000442,64,61,"Evaluated offline: 2.1 years exp, 72% response rate.","Evaluated offline: 3.1 years exp, 33% response rate."
CAND_0000011,CAND_0000123,64,61,"Evaluated offline: 2.0 years exp, 56% response rate.","Evaluated offline: 10.0 years exp, 56% response rate."
CAND_0001331,CAND_0000438,64,61,"Evaluated offline: 14.5 years exp, 68% response rate.","Evaluated offline: 3.5 years exp, 52% response rate."
CAND_0000979,CAND_0000692,64,61,"Evaluated offline: 10.9 years exp, 52% response rate.","Evaluated offline: 12.8 years exp, 59% response rate."
CAND_0000229,CAND_0001034,64,61,"Evaluated offline: 2.2 years exp, 70% response rate.","Evaluated offline: 1.3 years exp, 55% response rate."
CAND_0000513,CAND_0001836,64,61,"Evaluated offline: 2.3 years exp, 71% response rate.","Evaluated offline: 10.1 years exp, 55% response rate."
CAND_0000112,CAND_0001266,64,61,"Evaluated offline: 3.8 years exp, 31% response rate.","Evaluated offline: 2.0 years exp, 37% response rate."
CAND_0000119,CAND_0001927,64,61,"Evaluated offline: 10.1 years exp, 71% response rate.","Evaluated offline: 9.8 years exp, 51% response rate."
CAND_0000656,CAND_0000056,64,61,"Evaluated offline: 11.0 years exp, 72% response rate.","Evaluated offline: 1.3 years exp, 59% response rate."
CAND_0001797,CAND_0000498,64,61,"Evaluated offline: 4.4 years exp, 72% response rate.","Evaluated offline: 10.7 years exp, 37% response rate."
CAND_0000411,CAND_0001745,64,61,"Evaluated offline: 2.8 years exp, 74% response rate.","Evaluated offline: 4.4 years exp, 55% response rate."
CAND_0000499,CAND_0001426,64,61,"Evaluated offline: 11.0 years exp, 49% response rate.","Evaluated offline: 4.2 years exp, 52% response rate."
CAND_0000323,CAND_0000947,64,61,"Evaluated offline: 14.4 years exp, 71% response rate.","Evaluated offline: 3.8 years exp, 46% response rate."
CAND_0001823,CAND_0000864,64,61,"Evaluated offline: 9.1 years exp, 73% response rate.","Evaluated offline: 14.5 years exp, 56% response rate."
CAND_0001457,CAND_0000484,64,61,"Evaluated offline: 13.9 years exp, 69% response rate.","Evaluated offline: 9.7 years exp, 59% response rate."
CAND_0000768,CAND_0001106,64,62,"Evaluated offline: 11.6 years exp, 70% response rate.","Evaluated offline: 14.2 years exp, 63% response rate."
CAND_0000916,CAND_0000550,64,62,"Evaluated offline: 4.9 years exp, 73% response rate.","Evaluated offline: 9.7 years exp, 49% response rate."
CAND_0001624,CAND_0000814,64,62,"Evaluated offline: 14.5 years exp, 70% response rate.","Evaluated offline: 4.8 years exp, 60% response rate."
CAND_0000502,CAND_0000674,64,62,"Evaluated offline: 1.4 years exp, 58% response rate.","Evaluated offline: 11.0 years exp, 37% response rate."
CAND_0000620,CAND_0001843,64,62,"Evaluated offline: 4.3 years exp, 73% response rate.","Evaluated offline: 4.7 years exp, 50% response rate."
CAND_0000316,CAND_0001185,64,62,"Evaluated offline: 12.8 years exp, 69% response rate.","Evaluated offline: 14.7 years exp, 47% response rate."
CAND_0001402,CAND_0001135,64,62,"Evaluated offline: 1.5 years exp, 74% response rate.","Evaluated offline: 3.3 years exp, 56% response rate."
CAND_0000235,CAND_0000739,64,62,"Evaluated offline: 10.4 years exp, 60% response rate.","Evaluated offline: 11.1 years exp, 55% response rate."
CAND_0000561,CAND_0001179,64,62,"Evaluated offline: 3.2 years exp, 48% response rate.","Evaluated offline: 13.1 years exp, 42% response rate."
CAND_0001880,CAND_0001959,63,62,"Evaluated offline: 4.4 years exp, 65% response rate.","Evaluated offline: 13.1 years exp, 54% response rate."
CAND_0000089,CAND_0000810,63,62,"Evaluated offline: 1.1 years exp, 69% response rate.","Evaluated offline: 4.1 years exp, 63% response rate."
CAND_0000488,CAND_0000880,63,62,"Evaluated offline: 9.2 years exp, 54% response rate.","Evaluated offline: 2.4 years exp, 62% response rate."
CAND_0000532,CAND_0001749,63,62,"Evaluated offline: 14.6 years exp, 58% response rate.","Evaluated offline: 3.1 years exp, 62% response rate."
CAND_0001147,CAND_0001876,63,62,"Evaluated offline: 11.8 years exp, 68% response rate.","Evaluated offline: 13.7 years exp, 43% response rate."
CAND_0001399,CAND_0000619,63,62,"Evaluated offline: 3.8 years exp, 67% response rate.","Evaluated offline: 9.4 years exp, 63% response rate."
CAND_0000400,CAND_0000361,63,62,"Evaluated offline: 14.1 years exp, 68% response rate.","Evaluated offline: 10.2 years exp, 39% response rate."
CAND_0000937,CAND_0001559,63,62,"Evaluated offline: 3.6 years exp, 49% response rate.","Evaluated offline: 4.4 years exp, 56% response rate."
CAND_0000246,CAND_0001641,63,62,"Evaluated offline: 4.6 years exp, 68% response rate.","Evaluated offline: 9.8 years exp, 62% response rate."
CAND_0000214,CAND_0001031,63,62,"Evaluated offline: 9.5 years exp, 65% response rate.","Evaluated offline: 1.9 years exp, 56% response rate."
CAND_0000949,CAND_0000391,63,62,"Evaluated offline: 11.2 years exp, 68% response rate.","Evaluated offline: 3.6 years exp, 64% response rate."
CAND_0001632,CAND_0001807,63,62,"Evaluated offline: 1.4 years exp, 67% response rate.","Evaluated offline: 3.0 years exp, 62% response rate."
CAND_0000181,CAND_0000668,63,62,"Evaluated offline: 4.7 years exp, 69% response rate.","Evaluated offline: 10.5 years exp, 62% response rate."
CAND_0000172,CAND_0001177,63,62,"Evaluated offline: 10.9 years exp, 68% response rate.","Evaluated offline: 13.4 years exp, 53% response rate."
CAND_0000428,CAND_0000728,63,62,"Evaluated offline: 14.1 years exp, 68% response rate.","Evaluated offline: 2.9 years exp, 62% response rate."
CAND_0001561,CAND_0001050,63,62,"Evaluated offline: 10.1 years exp, 68% response rate.","Evaluated offline: 12.3 years exp, 60% response rate."
CAND_0001976,CAND_0000551,63,62,"Evaluated offline: 4.8 years exp, 69% response rate.","Evaluated offline: 2.7 years exp, 62% response rate."
CAND_0001374,CAND_0001153,63,62,"Evaluated offline: 2.7 years exp, 66% response rate.","Evaluated offline: 11.1 years exp, 63% response rate."
CAND_0000595,CAND_0001686,63,62,"Evaluated offline: 2.9 years exp, 44% response rate.","Evaluated offline: 10.1 years exp, 62% response rate."
CAND_0001870,CAND_0001300,63,62,"Evaluated offline: 9.1 years exp, 67% response rate.","Evaluated offline: 1.6 years exp, 61% response rate."
CAND_0000690,CAND_0000653,63,62,"Evaluated offline: 3.9 years exp, 66% response rate.","Evaluated offline: 13.0 years exp, 64% response rate."
CAND_0000429,CAND_0000261,63,62,"Evaluated offline: 2.7 years exp, 66% response rate.","Evaluated offline: 13.5 years exp, 62% response rate."
CAND_0001497,CAND_0000248,63,62,"Evaluated offline: 2.9 years exp, 56% response rate.","Evaluated offline: 4.1 years exp, 63% response rate."
CAND_0001294,CAND_0000137,63,62,"Evaluated offline: 1.9 years exp, 66% response rate.","Evaluated offline: 10.9 years exp, 42% response rate."
CAND_0000875,CAND_0001461,63,62,"Evaluated offline: 3.5 years exp, 68% response rate.","Evaluated offline: 9.3 years exp, 61% response rate."
CAND_0001282,CAND_0001041,63,62,"Evaluated offline: 12.1 years exp, 42% response rate.","Evaluated offline: 2.1 years exp, 60% response rate."
CAND_0000416,CAND_0001794,63,62,"Evaluated offline: 2.4 years exp, 68% response rate.","Evaluated offline: 9.9 years exp, 61% response rate."
CAND_0000335,CAND_0001684,63,62,"Evaluated offline: 4.0 years exp, 65% response rate.","Evaluated offline: 1.1 years exp, 49% response rate."
CAND_0001885,CAND_0000304,63,62,"Evaluated offline: 10.2 years exp, 65% response rate.","Evaluated offline: 3.7 years exp, 43% response rate."
CAND_0001118,CAND_0001826,63,62,"Evaluated offline: 3.4 years exp, 66% response rate.","Evaluated offline: 13.5 years exp, 63% response rate."
CAND_0001867,CAND_0000413,63,63,"Evaluated offline: 12.6 years exp, 65% response rate.","Evaluated offline: 14.0 years exp, 43% response rate."
CAND_0001122,CAND_0001160,63,63,"Evaluated offline: 4.9 years exp, 43% response rate.","Evaluated offline: 9.3 years exp, 66% response rate."
CAND_0001246,CAND_0001148,63,63,"Evaluated offline: 9.1 years exp, 66% response rate.","Evaluated offline: 12.2 years exp, 66% response rate."
CAND_0000257,CAND_0000068,63,63,"Evaluated offline: 1.1 years exp, 69% response rate.","Evaluated offline: 1.5 years exp, 55% response rate."
CAND_0001083,CAND_0001688,63,63,"Evaluated offline: 1.6 years exp, 67% response rate.","Evaluated offline: 4.3 years exp, 44% response rate."
